<?xml version="1.0"?>
<metadata xml:lang="en"><Esri><CreaDate>20170323</CreaDate><CreaTime>19094700</CreaTime><ArcGISFormat>1.0</ArcGISFormat><SyncOnce>TRUE</SyncOnce><ModDate>20140130</ModDate><ModTime>11014848</ModTime><DataProperties><coordRef><csUnits>Degree</csUnits><geogcsn>GCS_North_American_1927</geogcsn><projcsn>MTM_3Degree</projcsn><peXml><wktVar>&lt;ProjectedCoordinateSystem&gt;&lt;WKT&gt;PROJCS["MTM_3Degree",GEOGCS["GCS_North_American_1927",DATUM["D_North_American_1927",SPHEROID["Clarke_1866",6378206.4,294.9786982]],PRIMEM["Greenwich",0.0],UNIT["Degree",0.0174532925199433]],PROJECTION["Transverse_Mercator"],PARAMETER["False_Easting",304800.0],PARAMETER["False_Northing",0.0],PARAMETER["Central_Meridian",-79.5],PARAMETER["Scale_Factor",0.9999],PARAMETER["Latitude_Of_Origin",0.0],UNIT["Meter",1.0]]&lt;/WKT&gt;&lt;XOrigin&gt;280000&lt;/XOrigin&gt;&lt;YOrigin&gt;4810000&lt;/YOrigin&gt;&lt;XYScale&gt;1000&lt;/XYScale&gt;&lt;ZOrigin&gt;0&lt;/ZOrigin&gt;&lt;ZScale&gt;1&lt;/ZScale&gt;&lt;MOrigin&gt;0&lt;/MOrigin&gt;&lt;MScale&gt;1&lt;/MScale&gt;&lt;XYTolerance&gt;.002&lt;/XYTolerance&gt;&lt;ZTolerance&gt;0&lt;/ZTolerance&gt;&lt;MTolerance&gt;0&lt;/MTolerance&gt;&lt;HighPrecision&gt;&lt;/HighPrecision&gt;&lt;/ProjectedCoordinateSystem&gt;&lt;/peXml&gt;</wktVar></peXml></coordRef></DataProperties></Esri><idinfo><citation><citeinfo><title>none</title><origin>none</origin></citeinfo></citation></idinfo><dataIdInfo><themeKeys><keyword>property</keyword><keyword>address</keyword><keyword>point</keyword><keyword>annotation</keyword><keyword>postal code</keyword><keyword>location</keyword></themeKeys><idPurp>All address points have a position. Each position has a unique identification number that includes a feature code that defines property use, the information source, the information accuracy, the date the point was entered into the asset, the date it was removed from the current asset to the archival asset, and the postal code. Points are also attributed with a municipal address number and/or a name, such as CN Tower. Additionally, the address number may be suffixed by a letter or a range of numbers. Every address point is linked to a linear feature from which the street name is determined. Every address point is linked to administrative themes such as city, ward, and police patrol area. In addition to retaining historical archives, threaded archives are also retained when address point ranges are split or merged.</idPurp><idAbs>Examples include Emergency (911) dispatch, parking infractions, city permits, welfare case management, solid waste collection, and electoral functions</idAbs><idCitation><resTitle>CITYPRJ.ADDRESS_POINT</resTitle></idCitation><resConst><Consts><useLimit>Source must be credited. Cannot be re-sold</useLimit></Consts></resConst><dataExt><geoEle><GeoBndBox><westBL>291000</westBL><eastBL>338000</eastBL><northBL>4860000</northBL><southBL>4824000</southBL></GeoBndBox></geoEle></dataExt></dataIdInfo><metainfo><D>99</D><langmeta>en</langmeta><mdDateSt><CreaDate>20100607 01062222</CreaDate></mdDateSt></metainfo><distinfo></distinfo><spdoinfo><ptvctinf><esriterm><efeatyp>Feature Class</efeatyp><efeageom>Point</efeageom></esriterm></ptvctinf></spdoinfo><mdContact><rpOrgName>Geospatial Competency Centre</rpOrgName><rpIndName>.</rpIndName><rpCntInfo><cntAddress><city>Toronto</city><delPoint>18 Dyas Rd,  3rd Floor</delPoint><eMailAdd>gcc@toronto.ca</eMailAdd><postCode>M3B 1V5</postCode><adminArea>ON</adminArea></cntAddress><cntPhone><voiceNum>416-392-2506</voiceNum><faxNum>416-397-4900</faxNum></cntPhone></rpCntInfo><rpPosName>.</rpPosName></mdContact><eainfo><detailed><enttyp><enttypt>Feature Class</enttypt><enttypl>CITYPRJ.ADDRESS_POINT</enttypl><enttypc>517890</enttypc></enttyp><attr><attrlabl>GEO_ID</attrlabl><attalias>GEO_ID</attalias><attrtype>NUMBER</attrtype><attwidth>22</attwidth><attrdef>Unique number for geographic feature</attrdef></attr><attr><attrlabl>LFN_ID</attrlabl><attalias>LFN_ID</attalias><attrtype>NUMBER</attrtype><attwidth>22</attwidth><attrdef>The street name identification Number</attrdef></attr><attr><attrlabl>LINK</attrlabl><attalias>LINK</attalias><attrtype>NUMBER</attrtype><attwidth>22</attwidth><attrdef>Link to geo_id of centreline for which  the primary address resides.</attrdef></attr><attr><attrlabl>MAINT_STAG</attrlabl><attalias>MAINT_STAG</attalias><attrtype>VARCHAR2</attrtype><attwidth>10</attwidth><attrdef>Maintenance stage (e.g. reserve, regular)</attrdef></attr><attr><attrlabl>ADDRESS</attrlabl><attalias>ADDRESS</attalias><attrtype>VARCHAR2</attrtype><attwidth>20</attwidth><attrdef>Adress number with suffix</attrdef></attr><attr><attrlabl>LFNAME</attrlabl><attalias>LFNAME</attalias><attrtype>VARCHAR2</attrtype><attwidth>110</attwidth><attrdef>Linear Name</attrdef></attr><attr><attrlabl>LONUM</attrlabl><attalias>LONUM</attalias><attrtype>NUMBER</attrtype><attwidth>22</attwidth><attrdef>Low number of the address</attrdef></attr><attr><attrlabl>LONUMSUF</attrlabl><attalias>LONUMSUF</attalias><attrtype>VARCHAR2</attrtype><attwidth>3</attwidth><attrdef>Suffix of the low number</attrdef></attr><attr><attrlabl>HINUM</attrlabl><attalias>HINUM</attalias><attrtype>NUMBER</attrtype><attwidth>22</attwidth><attrdef>High number of the address</attrdef></attr><attr><attrlabl>HINUMSUF</attrlabl><attalias>HINUMSUF</attalias><attrtype>VARCHAR2</attrtype><attwidth>3</attwidth><attrdef>Suffix of the high number</attrdef></attr><attr><attrlabl>ARC_SIDE</attrlabl><attalias>ARC_SIDE</attalias><attrtype>VARCHAR2</attrtype><attwidth>1</attwidth><attrdef>The location of the address point with respect to the street (left or right side of the direction of the road)</attrdef></attr><attr><attrlabl>DISTANCE</attrlabl><attalias>DISTANCE</attalias><attrtype>NUMBER</attrtype><attwidth>22</attwidth><attrdef>The distance from the start of the street segment along the street segment</attrdef></attr><attr><attrlabl>FCODE</attrlabl><attalias>FCODE</attalias><attrtype>NUMBER</attrtype><attwidth>22</attwidth><attrdef>Feature code number</attrdef></attr><attr><attrlabl>FCODE_DES</attrlabl><attalias>FCODE_DES</attalias><attrtype>VARCHAR2</attrtype><attwidth>500</attwidth><attrdef>Feature code description</attrdef></attr><attr><attrlabl>CLASS</attrlabl><attalias>CLASS</attalias><attrtype>VARCHAR2</attrtype><attwidth>20</attwidth><attrdef>Address classification description (primary, structure, entrance address etc.)</attrdef></attr><attr><attrlabl>NAME</attrlabl><attalias>NAME</attalias><attrtype>VARCHAR2</attrtype><attwidth>200</attwidth><attrdef>Place name (if exists e.g. churches,schools,parks, etc.)</attrdef></attr><attr><attrlabl>X</attrlabl><attalias>X</attalias><attrtype>NUMBER</attrtype><attwidth>22</attwidth><attrdef>Easting of address point, Projection is MTM  3 degree, metric, NAD 27</attrdef></attr><attr><attrlabl>Y</attrlabl><attalias>Y</attalias><attrtype>NUMBER</attrtype><attwidth>22</attwidth><attrdef>Northing of address point, Projection is MTM  3 degree, metric, NAD 27</attrdef></attr><attr><attrlabl>LONGITUDE</attrlabl><attalias>LONGITUDE</attalias><attrtype>NUMBER</attrtype><attwidth>22</attwidth><attrdef>Easting of address point, GCS Projection</attrdef></attr><attr><attrlabl>LATITUDE</attrlabl><attalias>LATITUDE</attalias><attrtype>NUMBER</attrtype><attwidth>22</attwidth><attrdef>Northing of address point, GCS Projection</attrdef></attr><attr><attrlabl>SHAPE</attrlabl><attalias>SHAPE</attalias><attrtype>SDO_GEOMETRY</attrtype><attwidth>64</attwidth><attrdef>Address point spatial feature</attrdef></attr><attr><attrlabl>OBJECTID</attrlabl><attalias>OBJECTID</attalias><attrtype>NUMBER</attrtype><attwidth>22</attwidth><attrdef>Unique identifier</attrdef></attr><attr><attrlabl>MUN_NAME</attrlabl><attalias>MUN_NAME</attalias><attrtype>VARCHAR2</attrtype><attwidth>15</attwidth><attrdef>Former Municipality Name</attrdef></attr><attr><attrlabl>WARD_NAME</attrlabl><attalias>WARD_NAME</attalias><attrtype>VARCHAR2</attrtype><attwidth>40</attwidth><attrdef>Ward Name</attrdef></attr></detailed></eainfo><spatRepInfo><VectSpatRep><geometObjs><geoObjCnt>517890</geoObjCnt></geometObjs></VectSpatRep></spatRepInfo></metadata>
